dessert_category,region,query,name,road_address,jibun_address,telephone,naver_link,category_text,longitude,latitude,geocode_error
saltbread,daegu,대구 달성군 소금빵,카프리쵸사 현풍 본점,"대구광역시 달성군 유가읍 테크노상업로 120 1층 121, 122호","대구광역시 달성군 유가읍 봉리 619 1층 121, 122호",,https://www.instagram.com/caprichosa_ccb,"카페,디저트>베이커리",128.4628865,35.6930595,
saltbread,daegu,대구 달성군 소금빵,주리485,대구광역시 달성군 가창면 주리2길 48 주리485카페,대구광역시 달성군 가창면 주리 485-1 주리485카페,,https://www.instagram.com/juri.485,"음식점>카페,디저트",128.6232338,35.7517181,
saltbread,daegu,대구 달성군 소금빵,오퐁드부아,대구광역시 달성군 가창면 주리2길 104,대구광역시 달성군 가창면 주리 520,,https://blog.naver.com/aufonddubois,"음식점>카페,디저트",128.618046,35.7525228,
saltbread,daegu,대구 달서구 소금빵,브로 커피앤베이커리,대구광역시 달서구 수밭서길 11 Bro coffee&bakery,대구광역시 달서구 도원동 972-9 Bro coffee&bakery,,,"음식점>카페,디저트",128.5478344,35.7972111,
saltbread,daegu,대구 달서구 소금빵,우즈베이커리 대곡점,대구광역시 달서구 갈밭로 76 1.2층,대구광역시 달서구 대곡동 1056-1 1.2층,,http://www.wooz.kr/,"음식점>카페,디저트>베이커리",128.5284701,35.8055942,
saltbread,daegu,대구 소금빵,라부아뜨엘,대구광역시 수성구 지범로 248-6 1층,대구광역시 수성구 범물동 1374-14 1층,,http://pf.kakao.com/_xoxjmyG,"음식점>카페,디저트",128.6442376,35.8175122,
saltbread,daegu,대구 달서구 소금빵,스테이블모먼트 월배점,대구광역시 달서구 조암남로32길 24 스테이블모먼트,대구광역시 달서구 대천동 936 스테이블모먼트,,http://instagram.com/stable_moment02,"음식점>카페,디저트",128.5162767,35.8187953,
saltbread,daegu,대구 달서구 소금빵,빠다롤 더 테라스,대구광역시 달서구 조암남로14길 42,대구광역시 달서구 월성동 1180,,,"카페,디저트>베이커리",128.5255382,35.8227121,
saltbread,daegu,대구 달서구 소금빵,카페 엠엔티 신월성 본점,대구광역시 달서구 조암남로14길 52-2 cafe mnt,대구광역시 달서구 월성동 1187-2 cafe mnt,,http://instagram.com/cafe.mnt,"음식점>카페,디저트",128.5259861,35.8230393,
saltbread,daegu,대구 수성구 소금빵,라봉봉제과점,대구광역시 수성구 지범로21길 10,대구광역시 수성구 지산동 1279-11,,,"카페,디저트>베이커리",128.6367057,35.8244478,
saltbread,daegu,대구 수성구 소금빵,삼송1957,대구광역시 수성구 수성못2길 26 삼송 1957,대구광역시 수성구 두산동 695 삼송 1957,,https://www.ssbnc.kr/pg/bbs/board.php?bo_table=store2,"카페,디저트>베이커리",128.6245063,35.8253427,
saltbread,daegu,대구 수성구 소금빵,포켓,대구광역시 수성구 수성못길 20 카페 포켓,대구광역시 수성구 두산동 653-8 카페 포켓,,https://www.instagram.com/cafe__pocket_,"카페,디저트>베이커리",128.6222314,35.8265864,
saltbread,daegu,대구 남구 소금빵,카펠라,대구광역시 남구 앞산순환로 449,대구광역시 남구 대명동 548-1,,https://www.instagram.com/coffee_capella?igsh=MXNhM2l0OXZpdXh0eQ==,"음식점>카페,디저트",128.5740189,35.8315701,
saltbread,daegu,대구 남구 소금빵,플란트 앞산,대구광역시 남구 현충로7길 13-1 플란트,대구광역시 남구 대명동 512-2 플란트,,https://www.instagram.com/plant__coffee,"음식점>카페,디저트",128.5788845,35.8347243,
saltbread,daegu,대구 남구 소금빵,마들렌베이커리 앞산점,대구광역시 남구 현충로 54 마들렌베이커리 앞산점,대구광역시 남구 대명동 450-1 마들렌베이커리 앞산점,,https://blog.naver.com/madeleinebakery,"카페,디저트>베이커리",128.5801231,35.837647,
saltbread,daegu,대구 남구 소금빵,구민회의 좋은아침,대구광역시 남구 대명로57길 7,대구광역시 남구 대명동 174-1,,https://instagram.com/gmh_good_morning,"카페,디저트>베이커리",128.5867739,35.8441201,
saltbread,daegu,대구 소금빵,마고플레인 강정보점,대구광역시 달성군 다사읍 강정본길 68-18 마고플레인 강정보점,대구광역시 달성군 다사읍 죽곡리 688-2 마고플레인 강정보점,,https://www.instagram.com/margauxplain_river/,"음식점>카페,디저트",128.4651274,35.8441691,
saltbread,daegu,대구 남구 소금빵,명덕빵앗간 명덕본점,대구광역시 남구 명덕로40길 70 1층 명덕빵앗간,대구광역시 남구 대명동 1798-3 1층 명덕빵앗간,,https://www.instagram.com/md_bbang,"음식점>카페,디저트>베이커리",128.5897964,35.8536478,
saltbread,daegu,대구 서구 소금빵 베이커리,감미정,대구광역시 서구 당산로 237 1층,대구광역시 서구 내당동 429-1 1층,,https://www.naver.com/gammijung,"음식점>카페,디저트",128.5469429,35.857536,
saltbread,daegu,대구 서구 소금빵,올망,대구광역시 서구 달구벌대로361길 12 1층,대구광역시 서구 내당동 209-91 1층,,https://www.instagram.com/olmang_bake?igshid=Y2ZmNzg0YzQ=,"음식점>카페,디저트",128.5617053,35.8604799,
saltbread,daegu,대구 서구 소금빵,하프베이크,대구광역시 서구 달구벌대로375길 23-1 1층,대구광역시 서구 내당동 886-8 1층,,,"음식점>카페,디저트",128.5706227,35.8630101,
saltbread,daegu,대구 서구 소금빵,까레몽,대구광역시 서구 서대구로 77 평리청구타운상가,대구광역시 서구 평리동 1408 평리청구타운상가,,https://www.instagram.com/bakery_carremont,"카페,디저트>베이커리",128.5551516,35.864559,
saltbread,daegu,대구 중구 소금빵,빵관심,"대구광역시 중구 동성로1길 45 1층, 2층 전체","대구광역시 중구 봉산동 34-3 1층, 2층 전체",,,"카페,디저트>베이커리",128.5960101,35.8660668,
saltbread,daegu,대구 중구 소금빵 베이커리,르폴뒤,대구광역시 중구 동성로1길 26,대구광역시 중구 덕산동 124-29,,,"카페,디저트>베이커리",128.5948868,35.8664334,
saltbread,daegu,대구 중구 소금빵,인더매스 삼덕,대구광역시 중구 공평로8길 29 1층,대구광역시 중구 삼덕동2가 28-1 1층,,https://blog.naver.com/masscoffee_,"음식점>카페,디저트",128.6016419,35.8668034,
saltbread,daegu,대구 중구 소금빵,오디너리하우스,대구광역시 중구 동성로2길 21-8,대구광역시 중구 삼덕동1가 11-2,,https://www.instagram.com/_ordinary_house,"음식점>카페,디저트",128.5959476,35.8671593,
saltbread,daegu,대구 서구 소금빵,퀸즈크라운베이커리카페,대구광역시 서구 서대구로 118 1층~4층,대구광역시 서구 평리동 1369-4 1층~4층,,,"음식점>카페,디저트",128.5556192,35.8685207,
saltbread,daegu,대구 중구 소금빵,삼송빵집 중앙로점,대구광역시 중구 중앙대로 397,대구광역시 중구 동성로3가 1-3,,http://www.ssbnc.kr/,"카페,디저트>베이커리",128.59344,35.8686159,
saltbread,daegu,대구 중구 소금빵,팜앤힐스,대구광역시 중구 동성로6길 43 1층,대구광역시 중구 공평동 16-22 1층,,https://www.instagram.com/farm_and_hills,음식점>양식,128.5977917,35.8687893,
saltbread,daegu,대구 수성구 소금빵,르배 본점,대구광역시 수성구 화랑로8길 11-11 1층,대구광역시 수성구 만촌동 1356-19 1층,,https://www.instagram.com/lebaebakery/,"카페,디저트>베이커리",128.6337381,35.8704369,
saltbread,daegu,대구 서구 소금빵 베이커리,삼송빵집 서대구점,대구광역시 서구 국채보상로 243 한국업사이클센터 1층,대구광역시 서구 평리동 1301 한국업사이클센터 1층,,https://blog.naver.com/samsongbakery1957,"카페,디저트>베이커리",128.5576449,35.871453,
saltbread,daegu,대구 서구 소금빵,수녹,대구광역시 서구 달서로26길 15-5 1층,대구광역시 서구 비산동 415-13 1층,,,"음식점>카페,디저트",128.5729228,35.8732393,
saltbread,daegu,대구 달성군 소금빵,벨베꼼메,대구광역시 달성군 다사읍 세천북로 66,대구광역시 달성군 다사읍 세천리 162,,https://www.instagram.com/velbekomme_official,"음식점>카페,디저트",128.4750728,35.8782158,
saltbread,daegu,대구 소금빵,슬로우벗베럴 대구점,대구광역시 동구 신평로 113,대구광역시 동구 신평동 313-1,,https://www.instagram.com/slow_but_better_official,"음식점>카페,디저트",128.6822274,35.8794404,
saltbread,daegu,대구 북구 소금빵,빌리웍스,대구광역시 북구 고성북로10길 41 빌리웍스,대구광역시 북구 고성동3가 1-13 빌리웍스,,http://billyworks.kr,"음식점>카페,디저트",128.5885012,35.8831427,
saltbread,daegu,대구 소금빵,마고플레인아양,대구광역시 동구 해동로 107 마고플레인아양,대구광역시 동구 지저동 872-1 마고플레인아양,,https://www.instagram.com/margaux__plain/,"카페,디저트>베이커리",128.6419965,35.8903542,
saltbread,daegu,대구 북구 소금빵,스테이블모먼트 복현점,대구광역시 북구 복현로8길 19-36 스테이블모먼트,대구광역시 북구 복현동 253-3 스테이블모먼트,,https://www.instagram.com/stable_moment01/,"음식점>카페,디저트",128.6257967,35.8973477,
saltbread,daegu,대구 소금빵,소소래,대구광역시 북구 학정로 284 (구암동),대구광역시 북구 구암동 482-51,,https://smartstore.naver.com/sosorae,"음식점>카페,디저트",128.5617221,35.9297503,
saltbread,daegu,대구 북구 소금빵,레이지모닝,대구광역시 북구 동천로 5-15 레이지모닝 칠곡점,대구광역시 북구 동천동 874-4 레이지모닝 칠곡점,,http://www.instagram.com/lazymorning_chilgok,"음식점>카페,디저트",128.5565602,35.9322912,
saltbread,daegu,대구 동구 소금빵,브리니 팔공,대구광역시 동구 팔공로206길 4 브리니 팔공,대구광역시 동구 백안동 536 브리니 팔공,,https://www.instagram.com/briny_palgong,"음식점>카페,디저트",128.6908899,35.9533128,
saltbread,daegu,대구 북구 소금빵,라운드라운드,대구광역시 북구 학정로 550 1층,대구광역시 북구 학정동 926-1 1층,,https://blog.naver.com/roundroundbread,"카페,디저트>베이커리",128.5660009,35.953612,
saltbread,daegu,대구 동구 소금빵,커들포드,대구광역시 동구 팔공로 1334 커들포드,대구광역시 동구 진인동 394-2 커들포드,,https://www.instagram.com/cuddlepod_official,"음식점>카페,디저트",128.7234507,35.9592982,
saltbread,daegu,대구 동구 소금빵,초이스엠,대구광역시 동구 팔공산로 260 초이스엠,대구광역시 동구 덕곡동 105-1 초이스엠,,https://youtu.be/Ke70zHMIm10?si=xKqfX6ZEvPMAnf2c,"카페,디저트>베이커리",128.6139396,35.9928722,
